{"cameraMode":{"drawMode":0,"name":"Shaded","section":"Shading Mode"},"sceneLighting":false,"audioPlay":false,"sceneViewState":{"showFog":true,"showMaterialUpdate":false,"showSkybox":false,"showFlares":true,"showImageEffects":true,"showParticleSystems":true},"in2DMode":false,"pivot":{"x":20.92629051208496,"y":-6.918457984924316,"z":-50.179168701171878},"rotation":{"x":0.011362826451659203,"y":0.9834679365158081,"z":-0.06649480015039444,"w":0.16804847121238709},"size":59.482967376708987,"orthographic":false}