{"cameraMode":{"drawMode":0,"name":"Shaded","section":"Shading Mode"},"sceneLighting":false,"audioPlay":false,"sceneViewState":{"showFog":true,"showMaterialUpdate":false,"showSkybox":false,"showFlares":true,"showImageEffects":true,"showParticleSystems":true},"in2DMode":false,"pivot":{"x":-17.49862289428711,"y":61.586883544921878,"z":77.92050170898438},"rotation":{"x":0.2066744714975357,"y":0.7530640363693237,"z":-0.2783164083957672,"w":0.5592139959335327},"size":2.042712926864624,"orthographic":false}