{"cameraMode":{"drawMode":0,"name":"Shaded","section":"Shading Mode"},"sceneLighting":false,"audioPlay":false,"sceneViewState":{"showFog":true,"showMaterialUpdate":false,"showSkybox":false,"showFlares":true,"showImageEffects":true,"showParticleSystems":true},"in2DMode":false,"pivot":{"x":-7.596053123474121,"y":-15.218961715698243,"z":-21.54438018798828},"rotation":{"x":-0.05664929002523422,"y":0.9393252730369568,"z":-0.27980610728263857,"w":-0.19017766416072846},"size":30.204179763793947,"orthographic":false}