{"cameraMode":{"drawMode":1,"name":"Wireframe","section":"Shading Mode"},"sceneLighting":true,"audioPlay":false,"sceneViewState":{"showFog":true,"showMaterialUpdate":false,"showSkybox":true,"showFlares":true,"showImageEffects":true,"showParticleSystems":true},"in2DMode":false,"pivot":{"x":2.3393585681915285,"y":-0.593836784362793,"z":16.26246452331543},"rotation":{"x":-0.1943158060312271,"y":-0.5858310461044312,"z":0.14728714525699616,"w":-0.77288419008255},"size":5.285747051239014,"orthographic":false}