{"cameraMode":{"drawMode":1,"name":"Wireframe","section":"Shading Mode"},"sceneLighting":true,"audioPlay":false,"sceneViewState":{"showFog":true,"showMaterialUpdate":false,"showSkybox":true,"showFlares":true,"showImageEffects":true,"showParticleSystems":true},"in2DMode":false,"pivot":{"x":6.028785705566406,"y":8.614017486572266,"z":17.411823272705079},"rotation":{"x":-0.1818585842847824,"y":0.5273728370666504,"z":-0.11671894788742066,"w":-0.8216946721076965},"size":22.722209930419923,"orthographic":false}