{"cameraMode":{"drawMode":1,"name":"Wireframe","section":"Shading Mode"},"sceneLighting":true,"audioPlay":false,"sceneViewState":{"showFog":true,"showMaterialUpdate":false,"showSkybox":true,"showFlares":true,"showImageEffects":true,"showParticleSystems":true},"in2DMode":false,"pivot":{"x":0.840468168258667,"y":-0.8465971946716309,"z":16.662979125976564},"rotation":{"x":0.35709047317504885,"y":0.36970821022987368,"z":-0.15653593838214875,"w":0.8433853387832642},"size":5.914117336273193,"orthographic":false}