{"cameraMode":{"drawMode":1,"name":"Wireframe","section":"Shading Mode"},"sceneLighting":true,"audioPlay":false,"sceneViewState":{"showFog":true,"showMaterialUpdate":false,"showSkybox":true,"showFlares":true,"showImageEffects":true,"showParticleSystems":true},"in2DMode":false,"pivot":{"x":-18.565420150756837,"y":-5.703012466430664,"z":28.382421493530275},"rotation":{"x":0.279880166053772,"y":-0.30148008465766909,"z":0.0930599495768547,"w":0.9067065715789795},"size":36.133113861083987,"orthographic":false}