{"cameraMode":{"drawMode":0,"name":"Shaded","section":"Shading Mode"},"sceneLighting":true,"audioPlay":false,"sceneViewState":{"showFog":true,"showMaterialUpdate":true,"showSkybox":true,"showFlares":true,"showImageEffects":true,"showParticleSystems":true},"in2DMode":false,"pivot":{"x":8.21867561340332,"y":14.473429679870606,"z":-0.4109039306640625},"rotation":{"x":0.00856008194386959,"y":0.16343261301517487,"z":0.0014212739188224078,"w":-0.9865164160728455},"size":28.500574111938478,"orthographic":false}