{"cameraMode":{"drawMode":0,"name":"Shaded","section":"Shading Mode"},"sceneLighting":true,"audioPlay":false,"sceneViewState":{"showFog":true,"showMaterialUpdate":false,"showSkybox":true,"showFlares":true,"showImageEffects":true,"showParticleSystems":true},"in2DMode":false,"pivot":{"x":-86.44264221191406,"y":-35.19579315185547,"z":103.51195526123047},"rotation":{"x":0.23596236109733582,"y":-0.4511459469795227,"z":0.1250094622373581,"w":0.851564347743988},"size":127.1561050415039,"orthographic":false}