{"cameraMode":{"drawMode":0,"name":"Shaded","section":"Shading Mode"},"sceneLighting":true,"audioPlay":false,"sceneViewState":{"showFog":true,"showMaterialUpdate":false,"showSkybox":true,"showFlares":true,"showImageEffects":true,"showParticleSystems":true},"in2DMode":false,"pivot":{"x":1360.66748046875,"y":782.180419921875,"z":115.43603515625},"rotation":{"x":0.0475984551012516,"y":0.0542001836001873,"z":0.002586561255156994,"w":-0.9973916411399841},"size":5628.3818359375,"orthographic":false}