{"cameraMode":{"drawMode":0,"name":"Shaded","section":"Shading Mode"},"sceneLighting":true,"audioPlay":false,"sceneViewState":{"showFog":true,"showMaterialUpdate":false,"showSkybox":true,"showFlares":true,"showImageEffects":true,"showParticleSystems":true},"in2DMode":false,"pivot":{"x":0.4950975179672241,"y":0.435125470161438,"z":1.349500298500061},"rotation":{"x":-0.31840723752975466,"y":0.23329703509807588,"z":-0.08116604387760163,"w":-0.9152056574821472},"size":5.417769908905029,"orthographic":false}